{
  "project_info": {
    "project_number": "602219421624",
    "project_id": "anjani-putra-estates-5b04e",
    "storage_bucket": "anjani-putra-estates-5b04e.appspot.com"
  },
  "client": [
    {
      "client_info": {
        "mobilesdk_app_id": "1:602219421624:android:d22e1b1c8ab6432f78b94d",
        "android_client_info": {
          "package_name": "com.shivaprasad.anjaniputraestatesprivatelimited"
        }
      },
      "oauth_client": [
        {
          "client_id": "602219421624-6k95ssbojacta8v6pvbgk9ocbf6f4kdm.apps.googleusercontent.com",
          "client_type": 1,
          "android_info": {
            "package_name": "com.shivaprasad.anjaniputraestatesprivatelimited",
            "certificate_hash": "972658668f4d85777afca30a21577b414c3e922f"
          }
        },
        {
          "client_id": "602219421624-f401uovdd0p4kthj0l3d0grcvpktpgsd.apps.googleusercontent.com",
          "client_type": 3
        }
      ],
      "api_key": [
        {
          "current_key": "AIzaSyCt_PLg8ykkew6Vp4K-aUP59fzQrhsHK5k"
        }
      ],
      "services": {
        "appinvite_service": {
          "other_platform_oauth_client": [
            {
              "client_id": "602219421624-f401uovdd0p4kthj0l3d0grcvpktpgsd.apps.googleusercontent.com",
              "client_type": 3
            }
          ]
        }
      }
    }
  ],
  "configuration_version": "1"
}